ts,time,wall_time,mp_count.O+,real_count.O+,px.O+,py.O+,pz.O+,KE.O+,PE,E_total
0,1e-07,2.72202,2800,280000,0,0,5.36287e-17,1.93303e-13,1.16677e-08,1.16679e-08
1,2e-07,3.05721,5600,560000,5.37409e-23,-6.11045e-24,1.10363e-16,4.09645e-13,1.16677e-08,1.16681e-08
2,3e-07,3.3753,8400,840000,1.69182e-22,2.60266e-24,1.70202e-16,6.50314e-13,1.16677e-08,1.16683e-08
3,4e-07,3.75895,11200,1.12e+06,3.76417e-22,2.27432e-23,2.33147e-16,9.16611e-13,1.16677e-08,1.16686e-08
4,5e-07,4.15385,14000,1.4e+06,6.78962e-22,6.8975e-23,2.99196e-16,1.20983e-12,1.16676e-08,1.16688e-08
5,6e-07,4.56632,16800,1.68e+06,1.08215e-21,1.53808e-22,3.6835e-16,1.53126e-12,1.16676e-08,1.16691e-08
6,7e-07,5.01912,19600,1.96e+06,1.60187e-21,2.70311e-22,4.40605e-16,1.88219e-12,1.16675e-08,1.16694e-08
7,8e-07,5.51102,22399,2.2399e+06,2.25772e-21,4.24292e-22,5.15936e-16,2.26376e-12,1.16675e-08,1.16697e-08
8,9e-07,5.99872,25199,2.5199e+06,3.02418e-21,6.2512e-22,5.94392e-16,2.67753e-12,1.16674e-08,1.16701e-08
9,1e-06,6.51474,27999,2.7999e+06,3.88759e-21,8.77685e-22,6.75949e-16,3.12464e-12,1.16673e-08,1.16704e-08
10,1.1e-06,7.04091,30799,3.0799e+06,4.86112e-21,1.16494e-21,7.60605e-16,3.6064e-12,1.16672e-08,1.16708e-08
11,1.2e-06,7.61571,33599,3.3599e+06,5.95782e-21,1.50784e-21,8.48358e-16,4.12408e-12,1.16671e-08,1.16712e-08
12,1.3e-06,8.1697,36399,3.6399e+06,7.21246e-21,1.88422e-21,9.3921e-16,4.67898e-12,1.1667e-08,1.16717e-08
13,1.4e-06,8.74495,39199,3.9199e+06,8.66274e-21,2.30929e-21,1.03316e-15,5.27237e-12,1.1667e-08,1.16723e-08
14,1.5e-06,9.33558,41999,4.1999e+06,1.03276e-20,2.79965e-21,1.1302e-15,5.90555e-12,1.16669e-08,1.16728e-08
15,1.6e-06,9.93669,44799,4.4799e+06,1.21624e-20,3.36603e-21,1.23034e-15,6.57982e-12,1.16669e-08,1.16734e-08
16,1.7e-06,10.5461,47598,4.7598e+06,1.42411e-20,4.00376e-21,1.33355e-15,7.2962e-12,1.16668e-08,1.16741e-08
17,1.8e-06,11.1684,50398,5.0398e+06,1.64333e-20,4.66223e-21,1.43988e-15,8.05649e-12,1.16668e-08,1.16749e-08
18,1.9e-06,11.8076,53198,5.3198e+06,1.87612e-20,5.33546e-21,1.54931e-15,8.86173e-12,1.16668e-08,1.16756e-08
19,2e-06,12.4593,55998,5.5998e+06,2.11993e-20,5.99474e-21,1.66184e-15,9.71321e-12,1.16667e-08,1.16764e-08
20,2.1e-06,13.1433,58797,5.8797e+06,2.37799e-20,6.6111e-21,1.77744e-15,1.06121e-11,1.16667e-08,1.16773e-08
21,2.2e-06,13.8861,61597,6.1597e+06,2.6516e-20,7.20101e-21,1.89615e-15,1.15599e-11,1.16667e-08,1.16782e-08
22,2.3e-06,14.5685,64396,6.4396e+06,2.94977e-20,7.797e-21,2.01792e-15,1.25575e-11,1.16666e-08,1.16792e-08
23,2.4e-06,15.254,67196,6.7196e+06,3.25751e-20,8.32839e-21,2.14282e-15,1.36067e-11,1.16666e-08,1.16802e-08
24,2.5e-06,15.948,69996,6.9996e+06,3.58588e-20,8.79803e-21,2.27082e-15,1.47087e-11,1.16665e-08,1.16812e-08
25,2.6e-06,16.6632,72794,7.2794e+06,3.93987e-20,9.38864e-21,2.40182e-15,1.58639e-11,1.16665e-08,1.16824e-08
26,2.7e-06,17.3845,75593,7.5593e+06,4.32311e-20,9.88945e-21,2.53595e-15,1.70746e-11,1.16664e-08,1.16835e-08
27,2.8e-06,18.1022,78393,7.8393e+06,4.73231e-20,1.0305e-20,2.67322e-15,1.83422e-11,1.16664e-08,1.16847e-08
28,2.9e-06,18.8663,81191,8.1191e+06,5.16519e-20,1.08975e-20,2.81349e-15,1.9667e-11,1.16663e-08,1.1686e-08
29,3e-06,19.6237,83990,8.399e+06,5.64256e-20,1.14101e-20,2.95689e-15,2.1051e-11,1.16663e-08,1.16873e-08
30,3.1e-06,20.369,86789,8.6789e+06,6.14863e-20,1.18946e-20,3.10339e-15,2.24956e-11,1.16662e-08,1.16887e-08
31,3.2e-06,21.1373,89588,8.9588e+06,6.6981e-20,1.25596e-20,3.25297e-15,2.40018e-11,1.16662e-08,1.16902e-08
32,3.3e-06,21.9067,92386,9.2386e+06,7.29611e-20,1.38313e-20,3.40558e-15,2.55703e-11,1.16661e-08,1.16917e-08
33,3.4e-06,22.6891,95185,9.5185e+06,7.97454e-20,1.48043e-20,3.56134e-15,2.72036e-11,1.1666e-08,1.16932e-08
34,3.5e-06,23.4575,97980,9.798e+06,8.67769e-20,1.56923e-20,3.71998e-15,2.89005e-11,1.1666e-08,1.16949e-08
35,3.6e-06,24.235,100780,1.0078e+07,9.4518e-20,1.70931e-20,3.88196e-15,3.06666e-11,1.16659e-08,1.16965e-08
36,3.7e-06,25.0176,103577,1.03577e+07,1.02995e-19,1.87794e-20,4.04691e-15,3.25e-11,1.16658e-08,1.16983e-08
37,3.8e-06,25.8094,106375,1.06375e+07,1.11761e-19,2.02688e-20,4.21495e-15,3.44026e-11,1.16657e-08,1.17001e-08
38,3.9e-06,26.6003,109172,1.09172e+07,1.22547e-19,2.25856e-20,4.38602e-15,3.63752e-11,1.16656e-08,1.1702e-08
39,4e-06,27.4112,111968,1.11968e+07,1.33538e-19,2.5006e-20,4.56014e-15,3.84197e-11,1.16656e-08,1.1704e-08
40,4.1e-06,28.2126,114764,1.14764e+07,1.4589e-19,2.86666e-20,4.73734e-15,4.05376e-11,1.16655e-08,1.1706e-08
41,4.2e-06,29.1023,117559,1.17559e+07,1.58e-19,3.2337e-20,4.9176e-15,4.273e-11,1.16654e-08,1.17081e-08
42,4.3e-06,29.9207,120356,1.20356e+07,1.71525e-19,3.7448e-20,5.10103e-15,4.49993e-11,1.16653e-08,1.17103e-08
43,4.4e-06,30.7455,123149,1.23149e+07,1.87158e-19,4.14608e-20,5.28731e-15,4.73433e-11,1.16652e-08,1.17125e-08
44,4.5e-06,31.572,125942,1.25942e+07,2.04978e-19,4.97545e-20,5.4767e-15,4.97666e-11,1.16651e-08,1.17149e-08
45,4.6e-06,32.4087,128741,1.28741e+07,2.23979e-19,5.74542e-20,5.66951e-15,5.22739e-11,1.1665e-08,1.17173e-08
46,4.7e-06,33.2543,131538,1.31538e+07,2.4366e-19,6.60428e-20,5.86531e-15,5.48618e-11,1.16649e-08,1.17197e-08
47,4.8e-06,34.0914,134331,1.34331e+07,2.6645e-19,7.71614e-20,6.06396e-15,5.75303e-11,1.16648e-08,1.17223e-08
48,4.9e-06,34.9495,137124,1.37124e+07,2.90313e-19,8.98791e-20,6.26571e-15,6.02835e-11,1.16647e-08,1.17249e-08
49,5e-06,35.819,139919,1.39919e+07,3.1907e-19,1.05499e-19,6.47071e-15,6.31257e-11,1.16645e-08,1.17277e-08
50,5.1e-06,36.6731,142704,1.42704e+07,3.51534e-19,1.24483e-19,6.67819e-15,6.60484e-11,1.16644e-08,1.17305e-08
51,5.2e-06,37.5483,145487,1.45487e+07,3.87895e-19,1.46632e-19,6.88865e-15,6.90596e-11,1.16643e-08,1.17334e-08
52,5.3e-06,38.4139,148236,1.48236e+07,4.19891e-19,1.74116e-19,7.09895e-15,7.21045e-11,1.16642e-08,1.17363e-08
53,5.4e-06,39.2828,150902,1.50902e+07,4.63178e-19,1.85515e-19,7.30497e-15,7.51179e-11,1.16641e-08,1.17392e-08
54,5.5e-06,40.1633,153521,1.53521e+07,4.28421e-19,1.26298e-19,7.50944e-15,7.81405e-11,1.1664e-08,1.17421e-08
55,5.6e-06,41.0464,156084,1.56084e+07,4.65612e-19,1.47582e-19,7.71132e-15,8.11528e-11,1.16638e-08,1.1745e-08
56,5.7e-06,41.9269,158581,1.58581e+07,4.96345e-19,1.49389e-19,7.90987e-15,8.41438e-11,1.16637e-08,1.17479e-08
57,5.8e-06,42.8036,161011,1.61011e+07,3.63532e-19,8.25421e-21,8.10472e-15,8.71035e-11,1.16636e-08,1.17507e-08
58,5.9e-06,43.6804,163409,1.63409e+07,3.16405e-19,-7.95471e-20,8.29873e-15,9.00786e-11,1.16635e-08,1.17536e-08
59,6e-06,44.5784,165706,1.65706e+07,2.80409e-19,-3.62577e-20,8.48584e-15,9.29676e-11,1.16634e-08,1.17564e-08
60,6.1e-06,45.5051,167967,1.67967e+07,2.74646e-19,-1.28751e-19,8.67122e-15,9.58497e-11,1.16633e-08,1.17592e-08
61,6.2e-06,46.542,170197,1.70197e+07,5.49915e-19,-3.19712e-19,8.85543e-15,9.87351e-11,1.16632e-08,1.1762e-08
62,6.3e-06,47.4849,172409,1.72409e+07,5.71762e-19,1.97801e-20,9.03987e-15,1.01653e-10,1.16631e-08,1.17648e-08
63,6.4e-06,48.402,174552,1.74552e+07,8.67595e-19,-3.66426e-19,9.21941e-15,1.04507e-10,1.1663e-08,1.17675e-08
64,6.5e-06,49.3301,176679,1.76679e+07,7.44902e-19,-3.7152e-19,9.39889e-15,1.07381e-10,1.16629e-08,1.17703e-08
65,6.6e-06,50.3341,178738,1.78738e+07,7.11803e-19,-6.38411e-19,9.57338e-15,1.10188e-10,1.16628e-08,1.1773e-08
66,6.7e-06,51.2944,180838,1.80838e+07,9.3104e-19,-1.06635e-18,9.75278e-15,1.13099e-10,1.16628e-08,1.17759e-08
67,6.8e-06,52.281,182917,1.82917e+07,6.41702e-19,-1.07072e-18,9.93136e-15,1.16013e-10,1.16627e-08,1.17787e-08
68,6.9e-06,53.2841,184919,1.84919e+07,7.95439e-19,-7.24536e-19,1.01039e-14,1.18839e-10,1.16626e-08,1.17814e-08
69,7e-06,54.2797,186940,1.8694e+07,8.13684e-19,-7.86766e-19,1.0279e-14,1.21725e-10,1.16625e-08,1.17842e-08
70,7.1e-06,55.2345,188908,1.88908e+07,8.97643e-19,-8.58745e-19,1.045e-14,1.24554e-10,1.16624e-08,1.1787e-08
71,7.2e-06,56.208,190877,1.90877e+07,9.43166e-19,-7.37761e-19,1.06219e-14,1.27411e-10,1.16623e-08,1.17897e-08
72,7.3e-06,57.2122,192827,1.92827e+07,8.8021e-19,-9.91757e-19,1.07924e-14,1.30251e-10,1.16622e-08,1.17925e-08
73,7.4e-06,58.2684,194806,1.94806e+07,9.94276e-19,-1.04074e-18,1.09663e-14,1.33164e-10,1.16622e-08,1.17953e-08
74,7.5e-06,59.3063,196783,1.96783e+07,1.37139e-18,-1.20387e-18,1.11406e-14,1.36093e-10,1.16621e-08,1.17982e-08
75,7.6e-06,60.3212,198705,1.98705e+07,1.14169e-18,-1.01929e-18,1.13103e-14,1.38952e-10,1.1662e-08,1.18009e-08
76,7.7e-06,61.3477,200685,2.00685e+07,1.29768e-18,-6.876e-19,1.14858e-14,1.41921e-10,1.16619e-08,1.18038e-08
77,7.8e-06,62.3762,202675,2.02675e+07,9.28707e-19,-7.72964e-19,1.16624e-14,1.44915e-10,1.16618e-08,1.18067e-08
78,7.9e-06,63.4302,204674,2.04674e+07,1.26787e-18,-1.00435e-18,1.18401e-14,1.47933e-10,1.16617e-08,1.18097e-08
79,8e-06,64.5086,206625,2.06625e+07,1.13448e-18,-1.31241e-18,1.20139e-14,1.5089e-10,1.16617e-08,1.18126e-08
80,8.1e-06,65.6144,208625,2.08625e+07,1.72497e-18,-1.77506e-18,1.21922e-14,1.53931e-10,1.16616e-08,1.18155e-08
81,8.2e-06,66.8284,210597,2.10597e+07,1.5512e-18,-1.3016e-18,1.23683e-14,1.56941e-10,1.16615e-08,1.18184e-08
82,8.3e-06,67.9295,212560,2.1256e+07,1.57291e-18,-1.28048e-18,1.25437e-14,1.59945e-10,1.16614e-08,1.18214e-08
83,8.4e-06,69.034,214500,2.145e+07,1.56011e-18,-1.32489e-18,1.27174e-14,1.62921e-10,1.16613e-08,1.18243e-08
84,8.5e-06,70.1739,216468,2.16468e+07,1.27675e-18,-1.53551e-18,1.28935e-14,1.65943e-10,1.16613e-08,1.18272e-08
85,8.6e-06,71.3477,218411,2.18411e+07,1.34522e-18,-1.50741e-18,1.30675e-14,1.6893e-10,1.16612e-08,1.18301e-08
86,8.7e-06,72.5012,220375,2.20375e+07,1.15241e-18,-1.63264e-18,1.32435e-14,1.71954e-10,1.16611e-08,1.18331e-08
87,8.8e-06,73.6785,222351,2.22351e+07,1.23298e-18,-1.71297e-18,1.34209e-14,1.75007e-10,1.1661e-08,1.1836e-08
88,8.9e-06,74.836,224302,2.24302e+07,9.93416e-19,-1.78756e-18,1.35957e-14,1.78011e-10,1.1661e-08,1.1839e-08
89,9e-06,76,226317,2.26317e+07,7.69272e-19,-1.92595e-18,1.37762e-14,1.81116e-10,1.16609e-08,1.1842e-08
90,9.1e-06,77.1748,228231,2.28231e+07,6.71854e-19,-1.38292e-18,1.39479e-14,1.84072e-10,1.16608e-08,1.18449e-08
91,9.2e-06,78.3616,230165,2.30165e+07,4.71036e-19,-1.5136e-18,1.41213e-14,1.87055e-10,1.16607e-08,1.18478e-08
92,9.3e-06,79.5464,232095,2.32095e+07,7.04447e-19,-1.99212e-18,1.42945e-14,1.90041e-10,1.16606e-08,1.18507e-08
93,9.4e-06,80.748,234000,2.34e+07,7.75318e-19,-1.69501e-18,1.44656e-14,1.9299e-10,1.16606e-08,1.18536e-08
94,9.5e-06,81.9226,235932,2.35932e+07,6.66792e-19,-1.45038e-18,1.4639e-14,1.9598e-10,1.16605e-08,1.18565e-08
95,9.6e-06,83.1276,237909,2.37909e+07,5.90894e-19,-1.54636e-18,1.48167e-14,1.99043e-10,1.16604e-08,1.18595e-08
96,9.7e-06,84.3675,239889,2.39889e+07,1.1407e-18,-1.7012e-18,1.49945e-14,2.02113e-10,1.16603e-08,1.18624e-08
97,9.8e-06,85.5628,241861,2.41861e+07,1.23222e-18,-1.77101e-18,1.51716e-14,2.0517e-10,1.16603e-08,1.18654e-08
98,9.9e-06,86.7639,243800,2.438e+07,1.85909e-18,-1.97838e-18,1.53459e-14,2.0818e-10,1.16602e-08,1.18684e-08
99,1e-05,87.9631,245721,2.45721e+07,1.77443e-18,-1.80256e-18,1.55186e-14,2.11165e-10,1.16601e-08,1.18713e-08
100,1.01e-05,89.2308,247608,2.47608e+07,1.53328e-18,-2.14209e-18,1.5688e-14,2.14088e-10,1.166e-08,1.18741e-08
101,1.02e-05,90.6125,249514,2.49514e+07,1.75622e-18,-2.42824e-18,1.58591e-14,2.1704e-10,1.166e-08,1.1877e-08
102,1.03e-05,91.8667,251415,2.51415e+07,1.88555e-18,-2.79198e-18,1.60299e-14,2.19988e-10,1.16599e-08,1.18799e-08
103,1.04e-05,93.1055,253297,2.53297e+07,1.9771e-18,-2.19145e-18,1.61991e-14,2.22913e-10,1.16598e-08,1.18827e-08
104,1.05e-05,94.3381,255234,2.55234e+07,2.10785e-18,-2.31368e-18,1.63729e-14,2.25911e-10,1.16597e-08,1.18856e-08
105,1.06e-05,95.5693,257138,2.57138e+07,2.07246e-18,-2.8164e-18,1.65437e-14,2.28856e-10,1.16596e-08,1.18885e-08
106,1.07e-05,96.8194,259074,2.59074e+07,2.04886e-18,-3.09884e-18,1.67175e-14,2.31855e-10,1.16596e-08,1.18914e-08
107,1.08e-05,98.0695,260983,2.60983e+07,1.88238e-18,-3.04561e-18,1.68889e-14,2.34814e-10,1.16595e-08,1.18943e-08
108,1.09e-05,99.3178,262935,2.62935e+07,1.7004e-18,-2.83644e-18,1.70641e-14,2.37836e-10,1.16594e-08,1.18973e-08
109,1.1e-05,100.567,264779,2.64779e+07,1.83899e-18,-2.8698e-18,1.72297e-14,2.40697e-10,1.16593e-08,1.19e-08
110,1.11e-05,101.815,266700,2.667e+07,2.23724e-18,-3.02901e-18,1.74022e-14,2.43674e-10,1.16593e-08,1.19029e-08
111,1.12e-05,103.061,268624,2.68624e+07,2.49397e-18,-2.93733e-18,1.75749e-14,2.46654e-10,1.16592e-08,1.19059e-08
112,1.13e-05,104.321,270556,2.70556e+07,2.33373e-18,-3.03435e-18,1.77483e-14,2.49646e-10,1.16591e-08,1.19088e-08
113,1.14e-05,105.582,272507,2.72507e+07,2.08774e-18,-2.88894e-18,1.79236e-14,2.52673e-10,1.1659e-08,1.19117e-08
114,1.15e-05,106.845,274386,2.74386e+07,1.87308e-18,-3.54384e-18,1.80923e-14,2.55588e-10,1.1659e-08,1.19146e-08
115,1.16e-05,108.114,276334,2.76334e+07,2.16127e-18,-3.42322e-18,1.82672e-14,2.58605e-10,1.16589e-08,1.19175e-08
116,1.17e-05,109.376,278231,2.78231e+07,2.14754e-18,-3.32264e-18,1.84376e-14,2.61548e-10,1.16588e-08,1.19204e-08
117,1.18e-05,110.644,280087,2.80087e+07,2.13619e-18,-3.17426e-18,1.86045e-14,2.64435e-10,1.16588e-08,1.19232e-08
118,1.19e-05,111.94,282010,2.8201e+07,2.12969e-18,-3.4085e-18,1.87773e-14,2.67418e-10,1.16587e-08,1.19261e-08
119,1.2e-05,113.269,283926,2.83926e+07,2.05194e-18,-3.47839e-18,1.89493e-14,2.70388e-10,1.16586e-08,1.1929e-08
120,1.21e-05,114.618,285808,2.85808e+07,2.18115e-18,-3.21966e-18,1.91181e-14,2.73304e-10,1.16585e-08,1.19318e-08
121,1.22e-05,116.029,287701,2.87701e+07,2.64483e-18,-3.59554e-18,1.92881e-14,2.76237e-10,1.16585e-08,1.19347e-08
122,1.23e-05,117.309,289602,2.89602e+07,2.72457e-18,-3.64033e-18,1.94587e-14,2.79183e-10,1.16584e-08,1.19376e-08
123,1.24e-05,118.594,291484,2.91484e+07,2.89486e-18,-3.52862e-18,1.96278e-14,2.82106e-10,1.16583e-08,1.19404e-08
124,1.25e-05,119.886,293394,2.93394e+07,2.92398e-18,-3.59669e-18,1.97995e-14,2.85074e-10,1.16583e-08,1.19433e-08
125,1.26e-05,121.185,295192,2.95192e+07,3.17531e-18,-3.32299e-18,1.99608e-14,2.87862e-10,1.16582e-08,1.19461e-08
126,1.27e-05,122.476,297062,2.97062e+07,3.21526e-18,-3.33831e-18,2.01283e-14,2.9075e-10,1.16581e-08,1.19489e-08
127,1.28e-05,123.761,298981,2.98981e+07,3.50425e-18,-2.94571e-18,2.03003e-14,2.93715e-10,1.16581e-08,1.19518e-08
128,1.29e-05,125.046,300864,3.00864e+07,3.28446e-18,-2.65514e-18,2.04691e-14,2.96626e-10,1.1658e-08,1.19546e-08
129,1.3e-05,126.337,302765,3.02765e+07,3.21701e-18,-2.73111e-18,2.06396e-14,2.99567e-10,1.16579e-08,1.19575e-08
130,1.31e-05,127.625,304666,3.04666e+07,3.27505e-18,-2.98954e-18,2.081e-14,3.02506e-10,1.16579e-08,1.19604e-08
131,1.32e-05,128.91,306575,3.06575e+07,3.46586e-18,-3.29957e-18,2.09813e-14,3.05462e-10,1.16578e-08,1.19633e-08
132,1.33e-05,130.207,308472,3.08472e+07,3.31749e-18,-3.86948e-18,2.11513e-14,3.08395e-10,1.16577e-08,1.19661e-08
133,1.34e-05,131.513,310306,3.10306e+07,3.26914e-18,-3.57091e-18,2.13155e-14,3.11226e-10,1.16577e-08,1.19689e-08
134,1.35e-05,132.813,312209,3.12209e+07,3.20031e-18,-3.89669e-18,2.14859e-14,3.14162e-10,1.16576e-08,1.19718e-08
135,1.36e-05,134.111,314104,3.14104e+07,3.54095e-18,-3.2773e-18,2.16555e-14,3.17084e-10,1.16575e-08,1.19746e-08
136,1.37e-05,135.411,316014,3.16014e+07,3.29833e-18,-3.39813e-18,2.18268e-14,3.20041e-10,1.16575e-08,1.19775e-08
137,1.38e-05,136.708,317885,3.17885e+07,3.19553e-18,-3.08421e-18,2.19946e-14,3.22936e-10,1.16574e-08,1.19803e-08
138,1.39e-05,138.008,319767,3.19767e+07,3.1896e-18,-3.17139e-18,2.21634e-14,3.25851e-10,1.16573e-08,1.19832e-08
139,1.4e-05,139.316,321648,3.21648e+07,3.16386e-18,-3.06194e-18,2.23321e-14,3.28763e-10,1.16573e-08,1.1986e-08
140,1.41e-05,140.611,323501,3.23501e+07,3.3148e-18,-3.37394e-18,2.24985e-14,3.31637e-10,1.16572e-08,1.19889e-08
141,1.42e-05,142.03,325396,3.25396e+07,3.36057e-18,-3.34695e-18,2.26681e-14,3.3456e-10,1.16572e-08,1.19917e-08
142,1.43e-05,143.266,327258,3.27258e+07,3.51732e-18,-3.29421e-18,2.28351e-14,3.37442e-10,1.16571e-08,1.19946e-08
143,1.44e-05,144.379,329145,3.29145e+07,3.65668e-18,-2.91206e-18,2.3004e-14,3.40352e-10,1.16571e-08,1.19975e-08
144,1.45e-05,145.248,329980,3.2998e+07,3.17108e-18,-2.49433e-18,2.30782e-14,3.41623e-10,1.16571e-08,1.19987e-08
145,1.46e-05,145.782,330009,3.30009e+07,2.51518e-18,-1.74292e-18,2.30799e-14,3.4164e-10,1.16571e-08,1.19987e-08
146,1.47e-05,146.399,329945,3.29945e+07,2.14729e-18,-2.14537e-18,2.30732e-14,3.41515e-10,1.16571e-08,1.19986e-08
147,1.48e-05,147.038,330016,3.30016e+07,1.82215e-18,-2.8448e-18,2.30787e-14,3.41596e-10,1.16571e-08,1.19987e-08
148,1.49e-05,147.632,330065,3.30065e+07,1.78388e-18,-2.58551e-18,2.30823e-14,3.41648e-10,1.16571e-08,1.19988e-08
149,1.5e-05,148.271,330071,3.30071e+07,1.76393e-18,-2.8536e-18,2.3082e-14,3.41631e-10,1.16571e-08,1.19987e-08
150,1.51e-05,148.991,330093,3.30093e+07,1.80933e-18,-3.10179e-18,2.3083e-14,3.41637e-10,1.16571e-08,1.19987e-08
151,1.52e-05,149.669,330044,3.30044e+07,1.57835e-18,-2.77249e-18,2.3078e-14,3.4154e-10,1.16571e-08,1.19986e-08
152,1.53e-05,150.313,330178,3.30178e+07,2.07094e-18,-2.89693e-18,2.30892e-14,3.41723e-10,1.16571e-08,1.19988e-08
153,1.54e-05,150.627,330133,3.30133e+07,2.3337e-18,-3.11075e-18,2.30841e-14,3.41624e-10,1.16571e-08,1.19987e-08
154,1.55e-05,151.277,330125,3.30125e+07,2.17318e-18,-3.15464e-18,2.30825e-14,3.41584e-10,1.16571e-08,1.19987e-08
155,1.56e-05,151.955,330127,3.30127e+07,1.76887e-18,-3.34557e-18,2.30819e-14,3.41562e-10,1.16571e-08,1.19987e-08
156,1.57e-05,152.653,330172,3.30172e+07,1.11736e-18,-2.69015e-18,2.3085e-14,3.41606e-10,1.16571e-08,1.19987e-08
157,1.58e-05,153.32,330261,3.30261e+07,1.73621e-18,-2.46073e-18,2.30922e-14,3.41717e-10,1.16571e-08,1.19988e-08
158,1.59e-05,153.938,330201,3.30201e+07,2.01574e-18,-3.16628e-18,2.3086e-14,3.41602e-10,1.16571e-08,1.19987e-08
159,1.6e-05,154.508,330258,3.30258e+07,2.36553e-18,-2.86306e-18,2.30906e-14,3.41671e-10,1.16571e-08,1.19988e-08
160,1.61e-05,154.983,330307,3.30307e+07,2.75175e-18,-2.55624e-18,2.30942e-14,3.41723e-10,1.16571e-08,1.19988e-08
161,1.62e-05,155.601,330274,3.30274e+07,3.38053e-18,-1.933e-18,2.30907e-14,3.41655e-10,1.16571e-08,1.19988e-08
162,1.63e-05,156.274,330279,3.30279e+07,3.86609e-18,-1.55698e-18,2.30906e-14,3.41647e-10,1.16571e-08,1.19987e-08
163,1.64e-05,156.939,330332,3.30332e+07,4.54753e-18,-1.12243e-18,2.3095e-14,3.41717e-10,1.16571e-08,1.19988e-08
164,1.65e-05,157.591,330399,3.30399e+07,4.22746e-18,-7.36291e-19,2.31006e-14,3.41806e-10,1.16571e-08,1.19989e-08
165,1.66e-05,158.07,330397,3.30397e+07,4.11856e-18,-8.64732e-19,2.31e-14,3.41789e-10,1.16571e-08,1.19989e-08
166,1.67e-05,158.646,330416,3.30416e+07,4.38252e-18,-6.50538e-19,2.31011e-14,3.41804e-10,1.16571e-08,1.19989e-08
167,1.68e-05,159.216,330339,3.30339e+07,4.25972e-18,-1.6074e-19,2.30937e-14,3.41667e-10,1.16571e-08,1.19988e-08
168,1.69e-05,159.449,330320,3.3032e+07,4.58298e-18,-4.62611e-19,2.30915e-14,3.41623e-10,1.16571e-08,1.19987e-08
169,1.7e-05,159.958,330273,3.30273e+07,4.62558e-18,-1.08984e-18,2.30866e-14,3.41528e-10,1.16571e-08,1.19986e-08
170,1.71e-05,160.481,330340,3.3034e+07,4.20915e-18,-1.79683e-18,2.30921e-14,3.41617e-10,1.16571e-08,1.19987e-08
171,1.72e-05,160.853,330317,3.30317e+07,4.00626e-18,-1.47069e-18,2.30898e-14,3.41573e-10,1.16571e-08,1.19987e-08
172,1.73e-05,161.307,330275,3.30275e+07,3.75366e-18,-1.93596e-18,2.30856e-14,3.41495e-10,1.16571e-08,1.19986e-08
173,1.74e-05,161.868,330310,3.3031e+07,4.7855e-18,-1.47109e-18,2.30882e-14,3.4153e-10,1.16571e-08,1.19986e-08
174,1.75e-05,162.309,330312,3.30312e+07,4.28933e-18,-1.55565e-18,2.3088e-14,3.41523e-10,1.16571e-08,1.19986e-08
175,1.76e-05,162.694,330287,3.30287e+07,4.56415e-18,-2.02281e-18,2.30853e-14,3.41473e-10,1.16571e-08,1.19986e-08
176,1.77e-05,163.185,330346,3.30346e+07,4.79148e-18,-1.35957e-18,2.30904e-14,3.4156e-10,1.16571e-08,1.19987e-08
177,1.78e-05,163.688,330240,3.3024e+07,5.23907e-18,-8.03297e-19,2.30805e-14,3.41385e-10,1.16571e-08,1.19985e-08
178,1.79e-05,164.293,330257,3.30257e+07,5.46664e-18,-1.25545e-18,2.30817e-14,3.41399e-10,1.16571e-08,1.19985e-08
179,1.8e-05,164.875,330239,3.30239e+07,4.72955e-18,-2.07004e-18,2.30798e-14,3.41362e-10,1.16571e-08,1.19985e-08
180,1.81e-05,165.177,330245,3.30245e+07,4.69846e-18,-2.09998e-18,2.30801e-14,3.41366e-10,1.16571e-08,1.19985e-08
181,1.82e-05,165.443,330312,3.30312e+07,5.39275e-18,-1.72451e-18,2.30859e-14,3.41465e-10,1.16571e-08,1.19986e-08
182,1.83e-05,165.995,330314,3.30314e+07,5.73245e-18,-1.81581e-18,2.30859e-14,3.41462e-10,1.16571e-08,1.19986e-08
183,1.84e-05,166.323,330275,3.30275e+07,5.67444e-18,-1.90699e-18,2.30823e-14,3.41396e-10,1.16571e-08,1.19985e-08
184,1.85e-05,166.863,330280,3.3028e+07,5.3769e-18,-2.55373e-18,2.30827e-14,3.41402e-10,1.16571e-08,1.19985e-08
185,1.86e-05,167.549,330190,3.3019e+07,5.22157e-18,-2.46133e-18,2.30746e-14,3.41258e-10,1.16571e-08,1.19984e-08
186,1.87e-05,168.177,330309,3.30309e+07,5.16858e-18,-2.18235e-18,2.30852e-14,3.41442e-10,1.16571e-08,1.19985e-08
187,1.88e-05,168.726,330305,3.30305e+07,4.91928e-18,-2.16419e-18,2.30846e-14,3.41428e-10,1.16571e-08,1.19985e-08
188,1.89e-05,169.214,330265,3.30265e+07,4.48852e-18,-2.22387e-18,2.3081e-14,3.41367e-10,1.16571e-08,1.19985e-08
189,1.9e-05,169.853,330210,3.3021e+07,4.62916e-18,-1.94066e-18,2.3076e-14,3.41279e-10,1.16571e-08,1.19984e-08
190,1.91e-05,170.424,330235,3.30235e+07,5.50452e-18,-1.63795e-18,2.30781e-14,3.41314e-10,1.16571e-08,1.19984e-08
191,1.92e-05,170.947,330233,3.30233e+07,4.7827e-18,-1.79804e-18,2.30777e-14,3.41306e-10,1.16571e-08,1.19984e-08
192,1.93e-05,171.313,330222,3.30222e+07,4.21813e-18,-2.5357e-18,2.30764e-14,3.41281e-10,1.16571e-08,1.19984e-08
193,1.94e-05,171.757,330221,3.30221e+07,4.01247e-18,-1.92034e-18,2.30762e-14,3.41274e-10,1.16571e-08,1.19984e-08
194,1.95e-05,172.282,330277,3.30277e+07,4.49808e-18,-1.85862e-18,2.30811e-14,3.41355e-10,1.16571e-08,1.19984e-08
195,1.96e-05,172.482,330171,3.30171e+07,5.33223e-18,-1.77699e-18,2.30713e-14,3.41186e-10,1.16571e-08,1.19983e-08
196,1.97e-05,172.83,330238,3.30238e+07,5.25087e-18,-1.2371e-18,2.3077e-14,3.4128e-10,1.16571e-08,1.19984e-08
197,1.98e-05,173.144,330178,3.30178e+07,5.29881e-18,-1.10565e-18,2.30714e-14,3.41179e-10,1.16571e-08,1.19983e-08
198,1.99e-05,173.426,330209,3.30209e+07,6.07467e-18,-1.52572e-18,2.30739e-14,3.4122e-10,1.16571e-08,1.19983e-08
199,2e-05,174.02,330255,3.30255e+07,6.399e-18,-1.56991e-18,2.30777e-14,3.4128e-10,1.16571e-08,1.19984e-08
200,2.01e-05,174.661,330219,3.30219e+07,5.88133e-18,-1.86404e-18,2.30744e-14,3.41221e-10,1.16571e-08,1.19983e-08
201,2.02e-05,175.427,330162,3.30162e+07,5.62744e-18,-1.8245e-18,2.30694e-14,3.41134e-10,1.16571e-08,1.19982e-08
202,2.03e-05,175.941,330136,3.30136e+07,5.25737e-18,-1.95599e-18,2.30669e-14,3.41088e-10,1.16571e-08,1.19982e-08
203,2.04e-05,176.338,330116,3.30116e+07,4.94942e-18,-2.62926e-18,2.3065e-14,3.4105e-10,1.16571e-08,1.19981e-08
204,2.05e-05,176.501,330114,3.30114e+07,5.50685e-18,-3.00685e-18,2.30651e-14,3.41052e-10,1.16571e-08,1.19981e-08
205,2.06e-05,176.665,330258,3.30258e+07,5.45546e-18,-2.71771e-18,2.30779e-14,3.41272e-10,1.16571e-08,1.19984e-08
206,2.07e-05,176.955,330222,3.30222e+07,5.40644e-18,-2.30623e-18,2.30748e-14,3.41219e-10,1.16571e-08,1.19983e-08
207,2.08e-05,177.49,330215,3.30215e+07,5.04873e-18,-2.66665e-18,2.30745e-14,3.41216e-10,1.16571e-08,1.19983e-08
208,2.09e-05,178.013,330237,3.30237e+07,5.49424e-18,-3.36374e-18,2.30767e-14,3.41254e-10,1.16571e-08,1.19983e-08
209,2.1e-05,178.467,330264,3.30264e+07,5.42623e-18,-2.73184e-18,2.30792e-14,3.41302e-10,1.16571e-08,1.19984e-08
210,2.11e-05,178.7,330279,3.30279e+07,5.57217e-18,-2.24923e-18,2.30806e-14,3.41328e-10,1.16571e-08,1.19984e-08
211,2.12e-05,179.258,330236,3.30236e+07,4.99234e-18,-2.26022e-18,2.30769e-14,3.41265e-10,1.16571e-08,1.19984e-08
212,2.13e-05,179.691,330318,3.30318e+07,4.8485e-18,-2.03662e-18,2.30842e-14,3.4139e-10,1.16571e-08,1.19985e-08
213,2.14e-05,180.064,330268,3.30268e+07,4.11524e-18,-1.94541e-18,2.308e-14,3.41322e-10,1.16571e-08,1.19984e-08
214,2.15e-05,180.487,330279,3.30279e+07,4.63434e-18,-2.11524e-18,2.30811e-14,3.41342e-10,1.16571e-08,1.19984e-08
215,2.16e-05,180.812,330327,3.30327e+07,4.97911e-18,-2.31228e-18,2.30854e-14,3.41416e-10,1.16571e-08,1.19985e-08
216,2.17e-05,181.211,330223,3.30223e+07,4.54057e-18,-2.4123e-18,2.30762e-14,3.41263e-10,1.16571e-08,1.19984e-08
217,2.18e-05,181.572,330305,3.30305e+07,4.52459e-18,-2.39003e-18,2.30835e-14,3.41386e-10,1.16571e-08,1.19985e-08
218,2.19e-05,182.05,330289,3.30289e+07,4.04963e-18,-2.52271e-18,2.3082e-14,3.41359e-10,1.16571e-08,1.19984e-08
219,2.2e-05,182.643,330284,3.30284e+07,4.90152e-18,-3.12355e-18,2.30815e-14,3.41352e-10,1.16571e-08,1.19984e-08
220,2.21e-05,183.179,330279,3.30279e+07,4.6477e-18,-3.68095e-18,2.30812e-14,3.41347e-10,1.16571e-08,1.19984e-08
221,2.22e-05,183.906,330237,3.30237e+07,5.12569e-18,-2.96286e-18,2.30776e-14,3.41289e-10,1.16571e-08,1.19984e-08
222,2.23e-05,184.536,330163,3.30163e+07,4.98635e-18,-2.73029e-18,2.3071e-14,3.41176e-10,1.16571e-08,1.19983e-08
223,2.24e-05,185.24,330151,3.30151e+07,5.00476e-18,-2.20092e-18,2.30698e-14,3.41154e-10,1.16571e-08,1.19983e-08
224,2.25e-05,185.835,330044,3.30044e+07,4.82046e-18,-2.38094e-18,2.30601e-14,3.40988e-10,1.16571e-08,1.19981e-08
225,2.26e-05,186.184,330003,3.30003e+07,4.65577e-18,-9.21204e-19,2.30566e-14,3.40925e-10,1.16571e-08,1.1998e-08
226,2.27e-05,186.409,330052,3.30052e+07,4.91909e-18,1.10708e-19,2.30609e-14,3.40998e-10,1.16571e-08,1.19981e-08
227,2.28e-05,186.921,330080,3.3008e+07,4.962e-18,-1.03154e-18,2.30634e-14,3.41037e-10,1.16571e-08,1.19981e-08
228,2.29e-05,187.531,330067,3.30067e+07,5.10883e-18,-1.12464e-18,2.30622e-14,3.41014e-10,1.16571e-08,1.19981e-08
229,2.3e-05,187.938,330025,3.30025e+07,5.55323e-18,-6.99659e-19,2.30585e-14,3.40951e-10,1.16571e-08,1.19981e-08
230,2.31e-05,188.393,330004,3.30004e+07,5.04933e-18,-1.29312e-18,2.30568e-14,3.40922e-10,1.16571e-08,1.1998e-08
231,2.32e-05,189.054,329987,3.29987e+07,4.72972e-18,-1.66927e-18,2.30555e-14,3.40902e-10,1.16571e-08,1.1998e-08
232,2.33e-05,189.717,330001,3.30001e+07,3.89711e-18,-1.94071e-18,2.30568e-14,3.40925e-10,1.16571e-08,1.1998e-08
233,2.34e-05,189.904,330002,3.30002e+07,4.18498e-18,-2.05196e-18,2.30568e-14,3.40925e-10,1.16571e-08,1.1998e-08
234,2.35e-05,190.229,330001,3.30001e+07,4.44619e-18,-2.01179e-18,2.30567e-14,3.40921e-10,1.16571e-08,1.1998e-08
235,2.36e-05,190.67,329925,3.29925e+07,4.20823e-18,-1.74579e-18,2.30499e-14,3.40805e-10,1.16571e-08,1.19979e-08
236,2.37e-05,190.869,329951,3.29951e+07,4.75424e-18,-1.97098e-18,2.3052e-14,3.40839e-10,1.16571e-08,1.19979e-08
237,2.38e-05,191.217,329938,3.29938e+07,5.7384e-18,-2.19134e-18,2.30507e-14,3.40816e-10,1.16571e-08,1.19979e-08
238,2.39e-05,191.66,329984,3.29984e+07,5.63581e-18,-2.59596e-18,2.30548e-14,3.40884e-10,1.16571e-08,1.1998e-08
239,2.4e-05,191.8,329964,3.29964e+07,5.9406e-18,-2.50334e-18,2.30529e-14,3.40851e-10,1.16571e-08,1.1998e-08
240,2.41e-05,192.314,330016,3.30016e+07,6.41839e-18,-2.85244e-18,2.30576e-14,3.4093e-10,1.16571e-08,1.1998e-08
241,2.42e-05,192.918,330041,3.30041e+07,6.81267e-18,-2.39761e-18,2.30599e-14,3.4097e-10,1.16571e-08,1.19981e-08
242,2.43e-05,193.383,329905,3.29905e+07,7.29577e-18,-1.71825e-18,2.30478e-14,3.40762e-10,1.16571e-08,1.19979e-08
243,2.44e-05,193.921,329874,3.29874e+07,7.62803e-18,-3.01327e-18,2.3045e-14,3.40712e-10,1.16571e-08,1.19978e-08
244,2.45e-05,194.47,329922,3.29922e+07,7.22961e-18,-3.34399e-18,2.30491e-14,3.40778e-10,1.16571e-08,1.19979e-08
245,2.46e-05,194.657,329956,3.29956e+07,6.21661e-18,-3.74788e-18,2.30521e-14,3.40829e-10,1.16571e-08,1.19979e-08
246,2.47e-05,195.251,329957,3.29957e+07,5.99821e-18,-3.97611e-18,2.3052e-14,3.40827e-10,1.16571e-08,1.19979e-08
247,2.48e-05,195.846,329953,3.29953e+07,5.84282e-18,-3.93621e-18,2.30517e-14,3.40822e-10,1.16571e-08,1.19979e-08
248,2.49e-05,196.318,329934,3.29934e+07,4.856e-18,-4.23663e-18,2.30499e-14,3.40787e-10,1.16571e-08,1.19979e-08
249,2.5e-05,196.623,329895,3.29895e+07,5.20019e-18,-3.09514e-18,2.30462e-14,3.40722e-10,1.16571e-08,1.19978e-08
250,2.51e-05,197.153,329935,3.29935e+07,5.17395e-18,-2.30202e-18,2.30499e-14,3.40787e-10,1.16571e-08,1.19979e-08
251,2.52e-05,197.767,329973,3.29973e+07,4.21048e-18,-2.20816e-18,2.30532e-14,3.40843e-10,1.16571e-08,1.19979e-08
252,2.53e-05,198.238,330019,3.30019e+07,4.34804e-18,-2.53275e-18,2.30576e-14,3.40919e-10,1.16571e-08,1.1998e-08
253,2.54e-05,198.648,330025,3.30025e+07,4.12257e-18,-2.86851e-18,2.30583e-14,3.40934e-10,1.16571e-08,1.1998e-08
254,2.55e-05,199.149,330004,3.30004e+07,3.21907e-18,-3.73018e-18,2.30565e-14,3.40908e-10,1.16571e-08,1.1998e-08
255,2.56e-05,199.627,329994,3.29994e+07,2.66613e-18,-3.76216e-18,2.30558e-14,3.40894e-10,1.16571e-08,1.1998e-08
256,2.57e-05,200.023,330006,3.30006e+07,3.26141e-18,-3.34779e-18,2.30569e-14,3.40914e-10,1.16571e-08,1.1998e-08
257,2.58e-05,200.49,329953,3.29953e+07,3.00097e-18,-3.62575e-18,2.30519e-14,3.40829e-10,1.16571e-08,1.19979e-08
258,2.59e-05,200.689,330068,3.30068e+07,2.8036e-18,-3.3602e-18,2.30622e-14,3.41001e-10,1.16571e-08,1.19981e-08
259,2.6e-05,201.074,330100,3.301e+07,2.57714e-18,-3.61097e-18,2.30653e-14,3.41057e-10,1.16571e-08,1.19982e-08
260,2.61e-05,201.451,330033,3.30033e+07,3.15284e-18,-4.4243e-18,2.30593e-14,3.40956e-10,1.16571e-08,1.19981e-08
261,2.62e-05,202.103,330031,3.30031e+07,3.12099e-18,-4.61224e-18,2.30592e-14,3.40957e-10,1.16571e-08,1.19981e-08
262,2.63e-05,202.621,330028,3.30028e+07,2.77808e-18,-4.97445e-18,2.30587e-14,3.40948e-10,1.16571e-08,1.19981e-08
263,2.64e-05,202.916,330058,3.30058e+07,2.84409e-18,-4.17427e-18,2.30614e-14,3.40997e-10,1.16571e-08,1.19981e-08
264,2.65e-05,203.372,329982,3.29982e+07,3.12236e-18,-3.3377e-18,2.30544e-14,3.40875e-10,1.16571e-08,1.1998e-08
265,2.66e-05,203.501,330012,3.30012e+07,2.45536e-18,-3.24859e-18,2.30572e-14,3.40924e-10,1.16571e-08,1.1998e-08
266,2.67e-05,204.025,329981,3.29981e+07,1.87599e-18,-2.57482e-18,2.30544e-14,3.40873e-10,1.16571e-08,1.1998e-08
267,2.68e-05,204.517,329971,3.29971e+07,1.75245e-18,-2.62791e-18,2.30534e-14,3.40855e-10,1.16571e-08,1.1998e-08
268,2.69e-05,205.006,329939,3.29939e+07,2.43482e-18,-1.9344e-18,2.30505e-14,3.40805e-10,1.16571e-08,1.19979e-08
269,2.7e-05,205.543,329888,3.29888e+07,2.6506e-18,-1.90346e-18,2.30459e-14,3.40723e-10,1.16571e-08,1.19978e-08
270,2.71e-05,206.071,329936,3.29936e+07,2.19211e-18,-1.571e-18,2.30502e-14,3.40795e-10,1.16571e-08,1.19979e-08
271,2.72e-05,206.44,329955,3.29955e+07,2.67673e-18,-1.33024e-18,2.30519e-14,3.40828e-10,1.16571e-08,1.19979e-08
272,2.73e-05,206.906,329940,3.2994e+07,3.16291e-18,-1.94863e-18,2.30505e-14,3.40803e-10,1.16571e-08,1.19979e-08
273,2.74e-05,207.214,329953,3.29953e+07,2.57881e-18,-1.49391e-18,2.30516e-14,3.40823e-10,1.16571e-08,1.19979e-08
274,2.75e-05,207.336,330000,3.3e+07,2.08318e-18,-2.68887e-18,2.30557e-14,3.40892e-10,1.16571e-08,1.1998e-08
275,2.76e-05,207.817,330029,3.30029e+07,1.45181e-18,-2.47177e-18,2.30583e-14,3.40938e-10,1.16571e-08,1.1998e-08
276,2.77e-05,208.418,330036,3.30036e+07,2.11544e-18,-2.33052e-18,2.3059e-14,3.40952e-10,1.16571e-08,1.19981e-08
277,2.78e-05,209.017,329967,3.29967e+07,2.69335e-18,-1.90511e-18,2.3053e-14,3.40852e-10,1.16571e-08,1.1998e-08
278,2.79e-05,209.356,329978,3.29978e+07,2.95146e-18,-1.89937e-18,2.3054e-14,3.40868e-10,1.16571e-08,1.1998e-08
279,2.8e-05,209.762,329928,3.29928e+07,2.81657e-18,-2.90355e-18,2.30496e-14,3.40794e-10,1.16571e-08,1.19979e-08
280,2.81e-05,210.389,329951,3.29951e+07,2.66716e-18,-3.10405e-18,2.30518e-14,3.40835e-10,1.16571e-08,1.19979e-08
281,2.82e-05,211.179,329919,3.29919e+07,2.82686e-18,-2.78591e-18,2.30489e-14,3.40787e-10,1.16571e-08,1.19979e-08
282,2.83e-05,211.798,329977,3.29977e+07,3.22752e-18,-2.24167e-18,2.30542e-14,3.40877e-10,1.16571e-08,1.1998e-08
283,2.84e-05,211.933,329952,3.29952e+07,3.47564e-18,-3.18454e-18,2.3052e-14,3.4084e-10,1.16571e-08,1.19979e-08
284,2.85e-05,212.487,329966,3.29966e+07,2.96836e-18,-2.89084e-18,2.30533e-14,3.40861e-10,1.16571e-08,1.1998e-08
285,2.86e-05,213.07,329930,3.2993e+07,3.38479e-18,-2.29708e-18,2.30499e-14,3.40803e-10,1.16571e-08,1.19979e-08
286,2.87e-05,213.689,329880,3.2988e+07,2.893e-18,-2.14827e-18,2.30454e-14,3.40726e-10,1.16571e-08,1.19978e-08
287,2.88e-05,214.277,329865,3.29865e+07,2.77334e-18,-1.9136e-18,2.30442e-14,3.40708e-10,1.16571e-08,1.19978e-08
288,2.89e-05,214.927,329801,3.29801e+07,2.32253e-18,-1.74192e-18,2.30384e-14,3.40609e-10,1.16571e-08,1.19977e-08
289,2.9e-05,215.396,329843,3.29843e+07,2.53344e-18,-1.8115e-18,2.3042e-14,3.4067e-10,1.16571e-08,1.19978e-08
290,2.91e-05,215.953,329791,3.29791e+07,2.34639e-18,-1.4796e-18,2.30373e-14,3.40586e-10,1.16571e-08,1.19977e-08
291,2.92e-05,216.524,329824,3.29824e+07,2.13925e-18,-1.653e-18,2.30404e-14,3.40639e-10,1.16571e-08,1.19977e-08
292,2.93e-05,217.106,329836,3.29836e+07,1.84714e-18,-1.9118e-18,2.30413e-14,3.40655e-10,1.16571e-08,1.19978e-08
293,2.94e-05,217.742,329765,3.29765e+07,1.58743e-18,-2.264e-18,2.30349e-14,3.40544e-10,1.16571e-08,1.19977e-08
294,2.95e-05,218.358,329706,3.29706e+07,1.71024e-18,-2.26636e-18,2.30293e-14,3.40449e-10,1.16571e-08,1.19976e-08
295,2.96e-05,219.068,329672,3.29672e+07,1.33434e-18,-2.80056e-18,2.30261e-14,3.40391e-10,1.16571e-08,1.19975e-08
296,2.97e-05,219.677,329637,3.29637e+07,1.40704e-18,-3.47969e-18,2.30228e-14,3.40333e-10,1.16571e-08,1.19974e-08
297,2.98e-05,219.86,329616,3.29616e+07,1.20233e-18,-3.11355e-18,2.30209e-14,3.40302e-10,1.16571e-08,1.19974e-08
298,2.99e-05,220.469,329652,3.29652e+07,1.80702e-18,-2.68561e-18,2.30238e-14,3.40349e-10,1.16571e-08,1.19975e-08
299,3e-05,221.089,329624,3.29624e+07,1.5657e-18,-2.9722e-18,2.30212e-14,3.40303e-10,1.16571e-08,1.19974e-08
300,3.01e-05,221.436,329733,3.29733e+07,9.67616e-19,-3.3247e-18,2.30307e-14,3.40464e-10,1.16571e-08,1.19976e-08
301,3.02e-05,222.067,329731,3.29731e+07,3.2489e-19,-4.19997e-18,2.30305e-14,3.40459e-10,1.16571e-08,1.19976e-08
302,3.03e-05,222.462,329717,3.29717e+07,6.75551e-19,-3.07597e-18,2.30292e-14,3.40436e-10,1.16571e-08,1.19975e-08
303,3.04e-05,223.08,329728,3.29728e+07,4.43614e-19,-3.09572e-18,2.30301e-14,3.4045e-10,1.16571e-08,1.19976e-08
304,3.05e-05,223.705,329777,3.29777e+07,-3.64225e-20,-3.39829e-18,2.30344e-14,3.40526e-10,1.16571e-08,1.19976e-08
305,3.06e-05,224.344,329717,3.29717e+07,-3.16286e-19,-2.75804e-18,2.3029e-14,3.40432e-10,1.16571e-08,1.19975e-08
306,3.07e-05,225.047,329802,3.29802e+07,-1.49412e-19,-2.66786e-18,2.30366e-14,3.40564e-10,1.16571e-08,1.19977e-08
307,3.08e-05,225.733,329833,3.29833e+07,-5.1096e-19,-2.30835e-18,2.30394e-14,3.40612e-10,1.16571e-08,1.19977e-08
308,3.09e-05,226.345,329836,3.29836e+07,-1.01909e-18,-1.73854e-18,2.30396e-14,3.40613e-10,1.16571e-08,1.19977e-08
309,3.1e-05,226.595,329980,3.2998e+07,-1.90534e-18,-1.24528e-18,2.30524e-14,3.40833e-10,1.16571e-08,1.19979e-08
310,3.11e-05,227.088,329929,3.29929e+07,-2.58762e-18,-2.32167e-19,2.30476e-14,3.40745e-10,1.16571e-08,1.19979e-08
311,3.12e-05,227.23,329930,3.2993e+07,-2.92898e-18,2.62487e-19,2.30474e-14,3.40739e-10,1.16571e-08,1.19978e-08
312,3.13e-05,227.565,329970,3.2997e+07,-3.24536e-18,3.31808e-19,2.30508e-14,3.40793e-10,1.16571e-08,1.19979e-08
313,3.14e-05,227.874,329958,3.29958e+07,-3.42279e-18,6.09773e-19,2.30496e-14,3.40768e-10,1.16571e-08,1.19979e-08
314,3.15e-05,228.228,329957,3.29957e+07,-2.80692e-18,1.22324e-18,2.30494e-14,3.40764e-10,1.16571e-08,1.19979e-08
315,3.16e-05,228.765,329903,3.29903e+07,-3.26693e-18,1.75602e-18,2.30444e-14,3.40674e-10,1.16571e-08,1.19978e-08
316,3.17e-05,229.38,330011,3.30011e+07,-2.41809e-18,2.0919e-18,2.30539e-14,3.40835e-10,1.16571e-08,1.19979e-08
317,3.18e-05,229.98,330005,3.30005e+07,-2.37702e-18,1.75072e-18,2.30533e-14,3.40823e-10,1.16571e-08,1.19979e-08
318,3.19e-05,230.459,330054,3.30054e+07,-2.24554e-18,2.56922e-18,2.30576e-14,3.40897e-10,1.16571e-08,1.1998e-08
319,3.2e-05,230.804,330094,3.30094e+07,-2.33784e-18,2.92358e-18,2.3061e-14,3.40952e-10,1.16571e-08,1.19981e-08
320,3.21e-05,231.005,330037,3.30037e+07,-1.9246e-18,3.08316e-18,2.30557e-14,3.40858e-10,1.16571e-08,1.1998e-08
321,3.22e-05,231.226,330101,3.30101e+07,-2.61389e-18,3.35434e-18,2.30614e-14,3.40951e-10,1.16571e-08,1.1998e-08
322,3.23e-05,231.693,330103,3.30103e+07,-2.64147e-18,3.6032e-18,2.30616e-14,3.40951e-10,1.16571e-08,1.1998e-08
323,3.24e-05,232.358,330136,3.30136e+07,-2.60988e-18,4.86113e-18,2.30645e-14,3.41001e-10,1.16571e-08,1.19981e-08
324,3.25e-05,233.007,330155,3.30155e+07,-2.73813e-18,4.8388e-18,2.30659e-14,3.41019e-10,1.16571e-08,1.19981e-08
325,3.26e-05,233.232,330114,3.30114e+07,-2.2446e-18,5.12386e-18,2.30621e-14,3.40952e-10,1.16571e-08,1.1998e-08
326,3.27e-05,233.809,330194,3.30194e+07,-1.45119e-18,4.48097e-18,2.30694e-14,3.41077e-10,1.16571e-08,1.19982e-08
327,3.28e-05,234.439,330209,3.30209e+07,-1.40683e-18,4.11892e-18,2.30712e-14,3.41114e-10,1.16571e-08,1.19982e-08
328,3.29e-05,234.883,330266,3.30266e+07,-9.364e-19,4.40134e-18,2.30763e-14,3.412e-10,1.16571e-08,1.19983e-08
329,3.3e-05,235.364,330315,3.30315e+07,-1.09814e-18,4.95271e-18,2.30807e-14,3.41277e-10,1.16571e-08,1.19984e-08
330,3.31e-05,235.682,330315,3.30315e+07,-1.65072e-19,5.26089e-18,2.30809e-14,3.41283e-10,1.16571e-08,1.19984e-08
331,3.32e-05,236.113,330279,3.30279e+07,-4.49731e-21,5.43268e-18,2.30778e-14,3.41233e-10,1.16571e-08,1.19983e-08
332,3.33e-05,236.569,330313,3.30313e+07,-5.20923e-19,5.05702e-18,2.3081e-14,3.41288e-10,1.16571e-08,1.19984e-08
333,3.34e-05,237.117,330324,3.30324e+07,-2.12557e-19,5.38694e-18,2.3082e-14,3.41305e-10,1.16571e-08,1.19984e-08
334,3.35e-05,237.812,330279,3.30279e+07,-1.01737e-18,5.31323e-18,2.30781e-14,3.41237e-10,1.16571e-08,1.19983e-08
335,3.36e-05,238.48,330296,3.30296e+07,-8.42868e-19,5.26577e-18,2.30798e-14,3.41264e-10,1.16571e-08,1.19984e-08
336,3.37e-05,239.079,330221,3.30221e+07,-5.79661e-19,5.62217e-18,2.3073e-14,3.41149e-10,1.16571e-08,1.19982e-08
337,3.38e-05,239.512,330209,3.30209e+07,4.07313e-20,5.3029e-18,2.3072e-14,3.41135e-10,1.16571e-08,1.19982e-08
338,3.39e-05,240.037,330224,3.30224e+07,6.99785e-20,4.67464e-18,2.30734e-14,3.41162e-10,1.16571e-08,1.19983e-08
339,3.4e-05,240.381,330235,3.30235e+07,7.46026e-19,3.91176e-18,2.30745e-14,3.41178e-10,1.16571e-08,1.19983e-08
340,3.41e-05,240.931,330175,3.30175e+07,-4.02559e-19,4.40443e-18,2.30692e-14,3.41089e-10,1.16571e-08,1.19982e-08
341,3.42e-05,241.626,330234,3.30234e+07,1.15827e-19,5.60238e-18,2.30747e-14,3.41185e-10,1.16571e-08,1.19983e-08
342,3.43e-05,241.905,330248,3.30248e+07,-7.21687e-19,6.05887e-18,2.30759e-14,3.41208e-10,1.16571e-08,1.19983e-08
343,3.44e-05,242.564,330282,3.30282e+07,-1.39763e-18,6.23455e-18,2.30789e-14,3.41259e-10,1.16571e-08,1.19984e-08
344,3.45e-05,243.049,330255,3.30255e+07,-1.91373e-18,6.04813e-18,2.30764e-14,3.41218e-10,1.16571e-08,1.19983e-08
345,3.46e-05,243.521,330313,3.30313e+07,-1.18941e-18,7.16112e-18,2.30817e-14,3.41309e-10,1.16571e-08,1.19984e-08
346,3.47e-05,244.061,330276,3.30276e+07,-9.22829e-20,7.63399e-18,2.30785e-14,3.41257e-10,1.16571e-08,1.19983e-08
347,3.48e-05,244.631,330242,3.30242e+07,1.42326e-19,7.92907e-18,2.30754e-14,3.41203e-10,1.16571e-08,1.19983e-08
348,3.49e-05,244.819,330280,3.3028e+07,1.08208e-19,7.73607e-18,2.30789e-14,3.41265e-10,1.16571e-08,1.19984e-08
349,3.5e-05,245.135,330332,3.30332e+07,1.02472e-19,8.47961e-18,2.30836e-14,3.41345e-10,1.16571e-08,1.19984e-08
350,3.51e-05,245.741,330340,3.3034e+07,9.13038e-19,8.29501e-18,2.30844e-14,3.41359e-10,1.16571e-08,1.19984e-08
351,3.52e-05,246.257,330286,3.30286e+07,1.60792e-18,8.88607e-18,2.30794e-14,3.41274e-10,1.16571e-08,1.19984e-08
352,3.53e-05,246.541,330299,3.30299e+07,9.86587e-19,8.43079e-18,2.30807e-14,3.41298e-10,1.16571e-08,1.19984e-08
353,3.54e-05,247.122,330264,3.30264e+07,2.78982e-19,8.37956e-18,2.30776e-14,3.41245e-10,1.16571e-08,1.19983e-08
354,3.55e-05,247.791,330273,3.30273e+07,7.09808e-19,8.32268e-18,2.30785e-14,3.41264e-10,1.16571e-08,1.19984e-08
355,3.56e-05,248.51,330308,3.30308e+07,8.99572e-19,7.68295e-18,2.30815e-14,3.41315e-10,1.16571e-08,1.19984e-08
356,3.57e-05,249.173,330336,3.30336e+07,8.15954e-19,7.39292e-18,2.30837e-14,3.4135e-10,1.16571e-08,1.19984e-08
357,3.58e-05,249.749,330367,3.30367e+07,1.99975e-19,6.81609e-18,2.30865e-14,3.41396e-10,1.16571e-08,1.19985e-08
358,3.59e-05,250.008,330396,3.30396e+07,-4.65975e-19,7.13059e-18,2.30889e-14,3.41433e-10,1.16571e-08,1.19985e-08
359,3.6e-05,250.328,330367,3.30367e+07,-7.22627e-19,6.81128e-18,2.30862e-14,3.41389e-10,1.16571e-08,1.19985e-08
360,3.61e-05,250.772,330460,3.3046e+07,-4.57579e-19,6.88632e-18,2.30945e-14,3.4153e-10,1.16571e-08,1.19986e-08
361,3.62e-05,251.047,330355,3.30355e+07,-2.33992e-19,7.05483e-18,2.3085e-14,3.41365e-10,1.16571e-08,1.19985e-08
362,3.63e-05,251.712,330417,3.30417e+07,7.26442e-20,6.61993e-18,2.30905e-14,3.41459e-10,1.16571e-08,1.19985e-08
363,3.64e-05,252.232,330384,3.30384e+07,-6.55956e-19,6.83234e-18,2.30876e-14,3.41405e-10,1.16571e-08,1.19985e-08
364,3.65e-05,252.701,330480,3.3048e+07,-1.93037e-18,6.6285e-18,2.30962e-14,3.41554e-10,1.16571e-08,1.19986e-08
365,3.66e-05,253.215,330509,3.30509e+07,-2.83633e-18,6.77167e-18,2.30989e-14,3.41602e-10,1.16571e-08,1.19987e-08
366,3.67e-05,253.675,330428,3.30428e+07,-2.74889e-18,6.829e-18,2.30917e-14,3.41476e-10,1.16571e-08,1.19986e-08
367,3.68e-05,254.251,330381,3.30381e+07,-3.01949e-18,7.37529e-18,2.30875e-14,3.41404e-10,1.16571e-08,1.19985e-08
368,3.69e-05,254.915,330480,3.3048e+07,-2.59499e-18,7.77543e-18,2.30962e-14,3.41551e-10,1.16571e-08,1.19986e-08
369,3.7e-05,255.555,330517,3.30517e+07,-1.92204e-18,7.39507e-18,2.30995e-14,3.41608e-10,1.16571e-08,1.19987e-08
370,3.71e-05,256.051,330492,3.30492e+07,-1.46609e-18,7.36254e-18,2.30973e-14,3.41572e-10,1.16571e-08,1.19987e-08
371,3.72e-05,256.573,330608,3.30608e+07,-1.45618e-18,6.59805e-18,2.31079e-14,3.41754e-10,1.16571e-08,1.19988e-08
372,3.73e-05,257.235,330656,3.30656e+07,-1.79444e-18,7.1129e-18,2.31124e-14,3.41833e-10,1.16571e-08,1.19989e-08
373,3.74e-05,257.833,330602,3.30602e+07,-1.68134e-18,6.45923e-18,2.31077e-14,3.41752e-10,1.16571e-08,1.19988e-08
374,3.75e-05,258.27,330542,3.30542e+07,-2.45182e-18,5.74141e-18,2.31026e-14,3.41667e-10,1.16571e-08,1.19988e-08
375,3.76e-05,259,330509,3.30509e+07,-1.93073e-18,5.14765e-18,2.30996e-14,3.41614e-10,1.16571e-08,1.19987e-08
376,3.77e-05,259.665,330473,3.30473e+07,-1.88979e-18,5.72036e-18,2.30966e-14,3.41563e-10,1.16571e-08,1.19986e-08
377,3.78e-05,260.242,330652,3.30652e+07,-2.50523e-18,5.4017e-18,2.31127e-14,3.41841e-10,1.16571e-08,1.19989e-08
378,3.79e-05,260.691,330656,3.30656e+07,-2.59004e-18,5.59967e-18,2.31131e-14,3.41851e-10,1.16571e-08,1.19989e-08
379,3.8e-05,261.272,330654,3.30654e+07,-2.44291e-18,4.71335e-18,2.31132e-14,3.41855e-10,1.16571e-08,1.19989e-08
380,3.81e-05,261.576,330668,3.30668e+07,-2.29459e-18,4.54627e-18,2.31145e-14,3.41881e-10,1.16571e-08,1.1999e-08
381,3.82e-05,262.185,330697,3.30697e+07,-2.48074e-18,5.19804e-18,2.31172e-14,3.41928e-10,1.16571e-08,1.1999e-08
382,3.83e-05,262.675,330692,3.30692e+07,-1.96772e-18,4.763e-18,2.3117e-14,3.41927e-10,1.16571e-08,1.1999e-08
383,3.84e-05,263.195,330646,3.30646e+07,-2.09247e-18,5.11073e-18,2.3113e-14,3.41861e-10,1.16571e-08,1.19989e-08
384,3.85e-05,263.573,330707,3.30707e+07,-2.83465e-18,4.95097e-18,2.31189e-14,3.41968e-10,1.16571e-08,1.1999e-08
385,3.86e-05,264.028,330689,3.30689e+07,-2.90628e-18,5.04213e-18,2.31176e-14,3.41948e-10,1.16571e-08,1.1999e-08
386,3.87e-05,264.626,330704,3.30704e+07,-2.63694e-18,5.06123e-18,2.3119e-14,3.41977e-10,1.16571e-08,1.19991e-08
387,3.88e-05,265.101,330654,3.30654e+07,-2.09531e-18,4.7249e-18,2.31146e-14,3.41903e-10,1.16571e-08,1.1999e-08
388,3.89e-05,265.442,330605,3.30605e+07,-2.53545e-18,4.64586e-18,2.31103e-14,3.41828e-10,1.16571e-08,1.19989e-08
389,3.9e-05,266.069,330588,3.30588e+07,-2.73468e-18,4.69475e-18,2.31089e-14,3.41808e-10,1.16571e-08,1.19989e-08
390,3.91e-05,266.715,330573,3.30573e+07,-1.84004e-18,3.94058e-18,2.31077e-14,3.41787e-10,1.16571e-08,1.19989e-08
391,3.92e-05,267.331,330608,3.30608e+07,-2.03927e-18,3.58629e-18,2.31109e-14,3.41846e-10,1.16571e-08,1.19989e-08
392,3.93e-05,267.95,330625,3.30625e+07,-1.56264e-18,3.03326e-18,2.31127e-14,3.41883e-10,1.16571e-08,1.1999e-08
393,3.94e-05,268.345,330616,3.30616e+07,-2.2387e-18,2.40654e-18,2.31119e-14,3.41868e-10,1.16571e-08,1.1999e-08
394,3.95e-05,268.558,330608,3.30608e+07,-1.70498e-18,1.11725e-18,2.3111e-14,3.41856e-10,1.16571e-08,1.19989e-08
395,3.96e-05,268.991,330603,3.30603e+07,-1.64691e-18,6.43838e-19,2.31104e-14,3.41846e-10,1.16571e-08,1.19989e-08
396,3.97e-05,269.433,330612,3.30612e+07,-1.84318e-18,6.67013e-19,2.31113e-14,3.41861e-10,1.16571e-08,1.19989e-08
397,3.98e-05,269.852,330575,3.30575e+07,-1.87781e-18,1.71623e-19,2.3108e-14,3.41806e-10,1.16571e-08,1.19989e-08
398,3.99e-05,270.273,330587,3.30587e+07,-1.51906e-18,-4.44288e-19,2.31088e-14,3.41819e-10,1.16571e-08,1.19989e-08
399,4e-05,270.682,330642,3.30642e+07,-1.01122e-18,-3.70784e-19,2.31137e-14,3.41903e-10,1.16571e-08,1.1999e-08
400,4.01e-05,271.244,330563,3.30563e+07,-2.31434e-18,-1.46909e-19,2.31066e-14,3.41782e-10,1.16571e-08,1.19989e-08
